commit, encaps_tstat, decaps_tstat, enc_tstat, dec_tstat, mul_tstat
ad94c09, 0.936661, -4.5664850, 25.661776, -10.264492, -30.094201
17f2577, 0.734455, -4.834045, 10.737966, -8.534705, -5.756662
