commit, enc_tstat, dec_tstat, synmul_tstat
23d0c67, -24.398138, -31.833674, -30.924959
cf625e7, -27.457171, 19.013526, -0.379612
